isin,weight
JP3128800004,0.006093206589966478
AU0000013559,0.007200066439029044
ES0148396007,0.10121303928422402
JP3278600006,0.006547118476376609
JP3944130008,0.010724695685178712
JP3306600002,0.005798567797936938
KYG319891092,0.01561999739936329
DK0060946788,0.014999981292185586
GB00B02L3W35,0.020959196690870346
US30034W1062,0.01608410544090759
US14149Y1082,0.04265892814362477
US03076C1062,0.056575024092314824
US1156372096,0.04142929775067985
JP3551200003,0.0028655532421072542
ES0143416115,0.02369270523738775
JP3903000002,0.0009487331096558886
JP3161200005,0.005033914241711292
JP3305990008,0.004953999852069731
US26441C2044,0.09980383276528454
HK0000063609,0.0030192061910879592
JP3647800006,0.005266121504205969
CA1363751027,0.034155802954472306
GB0059822006,0.010382365569547317
JP3104890003,0.011856466210644815
DK0060094928,0.05279059598955708
CA8667961053,0.033449299640865196
DE000A1J5RX9,0.006043947243065273
SE0000114837,0.007679215912989164
DE000ENAG999,0.05198228768331044
JP3768600003,0.0082530310816432
JP3819400007,0.0021790731742681374
US8725401090,0.1901575586411684
JP3274280001,0.0079604147250924
JP3977400005,0.0037297750958143203
NO0010310956,0.00903711124140465
NZFBUE0001S0,0.007123396537621282
US4824801009,0.08953430183946674
IE00BY7QL619,0.08357304934078139
AU000000ANZ3,0.07067915292294791
JP3246400000,0.007577028729135709
US8716071076,0.06850017418057458
JP3979200007,0.0309912202604251
JP3481800005,0.11556628715911395
DE0005785802,0.020465050494884042
DE0007037129,0.023825917522166996
FR0000120222,0.006420919337112262
JP3787000003,0.006193769030613583
GB0000904986,0.014020598497761114
US87918A1051,0.044621120292825237
US15135B1017,0.08915372205267139
US2566771059,0.0335410491839579
AU000000AST5,0.004511805973509134
US09260D1072,0.10930865456759717
FI4000312251,0.0033614311023906548
US68389X1054,0.26030753312929233
AU000000FMG4,0.06916904137925212
US96145D1054,0.0067892946393734175
FI4000074984,0.010500917066686271
AT0000937503,0.004823607386376471
CA2908761018,0.014357950137263898
US30040W1080,0.05979846928370534
US2310211063,0.0721187516333729
DE000A1DAHH0,0.036309508596473486
US00123Q1040,0.018313107655138668
SE0000242455,0.04245531574713916
IE00BZ12WP82,0.08142561003939233
JP3896800004,0.009444642089510076
JP3689050007,0.015145524641107591
JP3835630009,0.004228387349434663
US34959E1091,0.049598453262661664
JP3351200005,0.005095335015608937
FR0000054470,0.014623313308940762
GB00BGLP8L22,0.012241543046132718
SE0011166933,0.02765076269548916
AU000000OZL8,0.012253412592937862
PLKGHM000017,0.011197982416139873
US1091941005,0.002440324173595682
US57060D1081,0.033118509663993
FI0009014377,0.00869574496965532
US1266501006,0.2593809305318842
JP3122800000,0.008061043625715192
US5260571048,0.07247965224502657
JP3753400005,0.010553259357860856
US8168511090,0.07702132753290498
US2358511028,0.17071569373991977
JP3046270009,0.0014879814722248065
JP3495000006,0.007052810641487956
US4062161017,0.04059134265109209
US4435731009,0.039040645871189085
JP3970300004,0.16524624457701714
JP3955800002,0.0016647743474634301
JE00BJVNSS43,0.05933346851049809
IT0000062072,0.060427645695148254
IE00BYTBXV33,0.00410642894897759
US6558441084,0.03749973375125595
AU000000TLS2,0.015967147511827644
CH0012410517,0.01483566749912546
US0865161014,0.07275652305083997
CA01626P4033,0.06432493010578544
US34964C1062,0.028852682725420294
AT0000606306,0.00295436353936465
US42250P1030,0.013138359348217075
FR0000121121,0.0073124327774658285
US98850P1093,0.03992480564697521
US33616C1009,0.03745693624100711
AU000000WTC3,0.0068858962125270436
US77543R1023,0.07699431595688416
US8175651046,0.003057187053678529
JP3802300008,0.20089269241692354
US00507V1098,0.16903482126988312
SE0000163628,0.011780156045625639
US6745991058,0.009372570006259295
US0236081024,0.02589396368986982
JP3906000009,0.015790493531678638
JP3368000000,0.006226796311999765
IE00BK9ZQ967,0.08399280526028595
DK0060952919,0.00781710609189858
AU000000ORI1,0.004958657818518185
IE0000669501,0.003593496211866564
US6658591044,0.041438275204957464
DE000A12DM80,0.015058658861077125
FR0000120073,0.05026985964743869
US7237871071,0.04325641553342432
GB00BG49KP99,0.012548210414854795
AU000000GPT8,0.0033531459623993556
DK0010274414,0.03742585638324713
US16119P1084,0.18278062574429638
GB00B03MLX29,0.17057279746184054
CH0496451508,0.004794496229626173
US7443201022,0.07825287155342371
JP3429300001,0.006446928955194414
IE0002424939,0.018305072429351983
JP3277800003,0.01709877170336034
GB0007099541,0.1233756013529577
KYG1674K1013,0.006431143171627001
US8962391004,0.04375824887716976
JP3635000007,0.021369721599233022
AU000000DXS1,0.004683066398147155
PTGAL0AM0009,0.013307919901174069
CH0014284498,0.002009752015923607
AU000000TCL6,0.047778117724088444
GB00BVYVFW23,0.014497971274010783
CH0009002962,0.013601327845271726
US1598641074,0.017978922379738672
US2600031080,0.04326124358277996
US91324P1021,0.9437230699431367
SG1T75931496,0.012057009424384396
US5398301094,0.21928443713567922
US30231G1022,0.4184874795631417
JP3424950008,0.005489239341438946
DE0005470405,0.010285783244224519
SE0001515552,0.014436422961312801
GB00BYYTFB60,0.009163131579476508
US4461501045,0.007354543295852341
US0367521038,0.23403663512405193
GB00BKKMKR23,0.018822469164820527
AU0000088338,0.01328757765055882
JP3160400002,0.03759458757359794
JP3291200008,0.004409917396292937
NL0013654783,0.08453116745492639
HK0066009694,0.008152016351586008
US02079K1079,1.410876263121975
US69351T1060,0.029987542282709112
NZTELE0001S4,0.014175752228440391
US59522J1034,0.01823912883347021
US59156R1086,0.1220311961761533
JP3143000002,0.009382037023464237
SG1U76934819,0.005367694200047782
JP3549600009,0.003923692681811387
NO0010096985,0.044191201317031074
JP3505000004,0.03686659633050868
US6935061076,0.06914405286319772
US1101221083,0.3016886549748638
JP3266400005,0.050771497037270345
US1924221039,0.03079429478189156
US6174464486,0.21260446113510498
AU000000WOW2,0.029691332752048997
ES0139140174,0.006606029108550252
US6826801036,0.022501826331505662
JP3294460005,0.00694184525424307
US02043Q1076,0.011210073540962023
GB00BLGZ9862,0.04133605485882184
GB0002652740,0.011152310485671377
JP3323040000,0.0028160880114526973
BE0003818359,0.006771437234372618
JP3855900001,0.006074748050601109
JP3197600004,0.027432630417097755
US8545021011,0.06680075621928698
US8552441094,0.3294153993580282
CH0012138605,0.023202554890004577
CH0114405324,0.026586089963972503
US90184L1026,0.07568269689761642
NL0006294274,0.010325026094861306
SE0000872095,0.008066748771144204
US37940X1028,0.13354784932262956
IE0001827041,0.026831216909672793
KYG217651051,0.04724189443199232
US92840M1027,0.0064475926146036686
JP3898400001,0.06705431582792624
SE0014781795,0.009307819031830552
AU000000S320,0.0030775107099964664
FR0000125338,0.05543953881036954
AT0000743059,0.011198417500444266
US9892071054,0.05452562347983061
NZMELE0002S7,0.00978676980924114
FR0006174348,0.016592186347328307
CH0360674466,0.009058477096611494
NL0012059018,0.01544563311012245
JP3452000007,0.004258451590444067
JP3219000001,0.003905374447960198
US9694571004,0.013004317699358076
US5797802064,0.05185711211353388
FR0010908533,0.028416345323117563
FR0000121972,0.17852953664847834
AU000000AMP6,0.005195690670038169
US98936J1016,0.03278013809621527
JP3046440008,0.0029953473175874097
JP3675600005,0.007275370947427705
SG1R89002252,0.007688411732625873
DE0008430026,0.08064040079306344
JP3774200004,0.010958115862913285
CH0466642201,0.009056714490011187
SG2D18969584,0.008687153998247094
JP3048180008,0.007045296888719504
US5132721045,0.014376119076554499
DE0006599905,0.029309426078204026
US98956P1021,0.06356235030923721
NZCENE0001S6,0.007355200903539502
JP3897700005,0.014135199989821965
CA12532H1047,0.03682166797271054
DE000A0D9PT0,0.0262843213221417
US4370761029,0.7523823607882423
AU000000BEN6,0.0020706533596731714
US2567461080,0.010109019490489276
US0718131099,0.04379072339861879
US56585A1025,0.06664258353542411
FR0010208488,0.04958993221760065
US8334451098,0.013529161288682876
CA6330671034,0.06834910933407572
US0152711091,0.023443240120194872
JP3385890003,0.01162771675565273
US09857L1089,0.25603248071471396
GB00BYPHNG03,0.008975685304782583
ES0167050915,0.014035221478406754
GB00BBG9VN75,0.009865339982378776
US6792951054,0.05611024198826821
JP3762800005,0.021307950063567845
DE000KGX8881,0.012436124560327113
US0311001004,0.06335886523009444
US09073M1045,0.028768969025703944
CH0018294154,0.013490400393987934
US29472R1086,0.009697990805017742
LU1250154413,0.0014530144083995558
US4581401001,0.35689137855911884
US9418481035,0.03881791310731304
FI0009005318,0.007737148416455352
US40434L1052,0.08914306058917837
IT0003242622,0.020271817477575196
KYG981491007,0.006088919695827916
JP3600200004,0.011923199230184917
JP3122400009,0.034052363683418053
CH0244767585,0.0979874203966295
HK0669013440,0.04976894120799138
US55087P1049,0.011855065254132888
DE000PAH0038,0.0037577926903344253
DE000A1ML7J1,0.01730933474751492
BMG4593F1389,0.0088171343090516
JP3792600003,0.004742456332883648
JP3358800005,0.012046825379007278
US9022521051,0.030778169616252796
CH0011075394,0.13671503937204818
IE00BFY8C754,0.025315003791534296
NL0013267909,0.06033625906833583
JP3215800008,0.005215910437648463
US50540R4092,0.041659427549199136
JE00B8KF9B49,0.03558645218931311
US88339J1051,0.07638041877476996
NL0011872643,0.014616311742261008
CH0008038389,0.020918276809845406
JP3651210001,0.011160691801471702
JP3756600007,0.18361190140949146
SE0000112724,0.022773502443129843
NZCNUE0001S2,0.004469628065319915
JP3801600002,0.006477399344647614
US1264081035,0.04605869530293536
GB00BDVZYZ77,0.010974875331358103
US4851703029,0.012942914917175724
US2473617023,0.01816918603017343
SE0000190126,0.011943307959699941
SE0006422390,0.011071653764223442
IE00B58JVZ52,0.02351155486092344
NL0000395903,0.03772347377661102
JP3566800003,0.045386997929405266
BMG475671050,0.08032223449464877
JP3047160001,0.004825324531957435
JP3419400001,0.0031479171107053976
JP3637300009,0.012499044368302705
US0010551028,0.07704501611014145
IT0001250932,0.006140713491222078
US3635761097,0.03471933832248946
DE000ZAL1111,0.06215522181593909
NL0011821392,0.014132275754770178
SE0000148884,0.05894754113185515
US2547091080,0.054899551982124345
CA3518581051,0.07052193807775516
JE00BJ1F3079,0.022933963410516015
JP3435000009,0.18705173243203516
IL0010824113,0.022581252873446235
US0495601058,0.025721834885322377
JP3224200000,0.007677300403605597
JP3166000004,0.008061038087552045
DE000A0HN5C6,0.01611809729193058
FR0000121261,0.022465573534670085
ES0144580Y14,0.14759807429078126
GB00BKFB1C65,0.014389009967163689
JP3160670000,0.006719750173177913
DE0005140008,0.05249611633665114
US9553061055,0.01919167488501263
NL0009434992,0.028784019692850108
JP3110650003,0.0042988873944541095
JE00B6T5S470,0.013933735319285052
CH0102993182,0.06561214192269879
US2521311074,0.0663417572833357
US12514G1085,0.026251384954813956
GB0000811801,0.024403718352961144
KYG8245V1023,0.021034361163642965
FO0000000179,0.003791044386289803
DE0007100000,0.1749565921766093
LU1673108939,0.01888713459185181
US30303M1027,1.4881963769681095
JP3415400005,0.0027950716579679524
FI0009013296,0.06045629659248294
US4932671088,0.018595798022114408
US4781601046,0.9203531108299998
US3030751057,0.01838634253269793
US5926881054,0.06519407948651275
AU000000WBC1,0.10315452205984882
US29355A1079,0.04462191578453058
GB0002875804,0.19313166805150334
FR0010411983,0.013074265822935829
NZXROE0001S2,0.022590518556375044
US9113121068,0.13645203059787975
CA13645T1003,0.02191465922389047
AU000000CWY3,0.008235312835957591
JP3151600008,0.00611433924992211
CA0636711016,0.15062848354477143
NO0005052605,0.011655953462824256
US98419M1009,0.04096110373858735
CH0010645932,0.08863323049401532
FR0000121709,0.005087274457765588
US95040Q1040,0.03489105988185721
BE0003810273,0.008357808705935173
FR0000130395,0.010580439542648281
CA7800871021,0.320825501699148
SG1S83002349,0.007789404739477085
US87612E1064,0.12057648931388944
AU000000MQG1,0.07179440225026014
AU000000BSL0,0.0064117754347664925
NO0010582521,0.007191650076691703
JP3918000005,0.01771634863115737
NL0000009538,0.12058489002068874
JP3292200007,0.0036831418309669134
JP3511800009,0.0028354059246148066
US44107P1049,0.022610153710737328
AU000000SGP0,0.016679578984242435
FR0010220475,0.02948380755593866
US30225T1025,0.027033922837022203
DE0007010803,0.007844421641122682
JP3344400001,0.006094607803762354
US8574771031,0.05335373257946845
US7185461040,0.0659689910991229
GB0007188757,0.17014019097449842
AU000000NEC4,0.0010258854010468178
JP3254200003,0.006075107123144715
US0153511094,0.08928209540315164
HK0880043028,0.005676251844619703
GB0031348658,0.07526968612686119
US30212P3038,0.05405376247526756
JP3818000006,0.056246904240637906
SG1DH9000006,0.0009786879977219662
US9024941034,0.021692688567955202
CA67077M1086,0.03268696900819002
JP3173540000,0.0077571695637376654
GB0006825383,0.030421395005620987
US81181C1045,0.03650848217466272
JP3551520004,0.017473850113568
JP3758190007,0.023670397572730047
DK0060227585,0.01201413478538148
GB0006776081,0.020237104266525474
FR0000120628,0.12402285067451428
US0527691069,0.1236414037426958
US23804L1035,0.029440299038111413
US0846707026,0.10328072881996468
US9100471096,0.009808350547861756
AU000000WOR2,0.005090835902068402
JP3316400005,0.004186849404546204
US5529531015,0.043759331790360956
SG1T56930848,0.00991791871879708
JP3397060009,0.007877809599362177
SE0006993770,0.0066311646352370775
KYG8187G1055,0.001298237600626626
GB00BDD85M81,0.008322309330362179
JP3258000003,0.029220207541178617
DK0060336014,0.0059353029221167145
US8718291078,0.07593124259699231
AU000000NST8,0.018284328389724297
NO0003733800,0.017029894485450333
US09061G1013,0.02503193989871069
AU000000STO6,0.004169777490606245
CA59162N1096,0.022107676161358624
US29670G1022,0.023214949286455986
JP3951600000,0.013750388780017149
US2644115055,0.015132380680092494
GB00BMJ6DW54,0.030697451285277216
NL0015435975,0.01020818378412483
JP3208200000,0.003489935005503207
GB0008706128,0.12273144128773687
GB00B1FH8J72,0.01638911675757437
US46187W1071,0.022490803278122133
US5747951003,0.02216077250287528
US22160N1090,0.09060490627389513
CA82028K2002,0.035716255432583506
GB00B2B0DG97,0.12297969675146514
US5745991068,0.03301239276756584
GB0031743007,0.029857160900615513
CH0012453913,0.018021662808494737
JP3142500002,0.012732955605247339
GB0005576813,0.009648990295433427
JP3756200006,0.007636649525347531
JP3397150008,0.012278482495771535
CA21037X1006,0.05292380357715145
US79466L3024,0.3882188844703073
US7134481081,0.3097528688735926
JP3429250008,0.005627851462096996
US49338L1035,0.05380048766482683
HK0016000132,0.05265685597941654
US46266C1053,0.10191529525080457
JP3732000009,0.07810397623620786
IT0000072618,0.1189294370219078
US92343V1044,0.3150593221967165
US61174X1090,0.09176991890477418
FR0000130650,0.05909964926215074
FR0010340141,0.006867260861827574
IE0004927939,0.02633683501354717
IE0033024807,0.006966703590825762
FI0009000459,0.0041085501041062305
US5738741041,0.05601513406018949
DK0060079531,0.09120613088145797
JP3398000004,0.0075877962874492
US1273871087,0.06600978640549209
JP3174410005,0.010816317314836451
US9139031002,0.017145145581591845
US29364G1031,0.030279833104435938
JP3574200006,0.012893848678435321
NL0000235190,0.13854831893626227
JP3932000007,0.025215193721802472
IT0003856405,0.00619854754221477
ES0127797019,0.007099129273151766
DK0060252690,0.01395250279112361
JP3595200001,0.003763847287029868
US2546871060,0.15525396140322373
GB00BH0P3Z91,0.12167337847296432
KYG1146Y1017,0.03382595808471529
US67020Y1001,0.026796288973736378
JP3893600001,0.06118374199808675
DE000EVNK013,0.007836229798896357
JP3047490002,0.0018608999049718618
JP3197800000,0.02701996201459955
JP3571800006,0.004376050126194467
US05352A1007,0.035627556448041116
US8832031012,0.026340968058152028
FR0010313833,0.014187283553834725
KYG211461085,0.006119058944416926
JP3218900003,0.010089520521062144
GB00B61TVQ02,0.008857510163162937
JP3835250006,0.007053696783914042
FR0000064578,0.013374988745120392
US98954M2008,0.04591051719247703
IT0001078911,0.008853084136253958
US70432V1026,0.033239005201888376
JP3762600009,0.02967365113145006
DE0007165631,0.02423492837226767
JP3765400001,0.003964266022758514
DE0005664809,0.006605655209268151
NL0011540547,0.014992848427316501
ES0130960018,0.01121633485846508
NZIFTE0003S3,0.005398166348112454
GB00BMVP7Y09,0.03499142439345694
SE0000108847,0.011022328738546968
US9029733048,0.06370800942821081
IE00BD1RP616,0.01162284087416369
US23331A1097,0.08454272488351894
AU000000ALL7,0.041917251824065145
GB00B0N8QD54,0.007599624996904752
US6951561090,0.007091088419359588
HK0011000095,0.03412742831921519
US2283681060,0.01781397798230637
PTEDP0AM0009,0.02785585559428195
JP3522200009,0.006255706721262764
US5324571083,0.22130685798454633
CA9628791027,0.049394887454190566
DE0008232125,0.002237319459085512
JP3588600001,0.002178390105559471
AU000000HVN7,0.0026216018516571405
JP3399400005,0.006023971145001175
AU000000SCG8,0.00831129374085869
JP3322930003,0.0046714347551359125
JP3251200006,0.0015524299000842156
FR0000039299,0.009084898162991194
BE0003822393,0.006915251377201985
HK0345001611,0.005887592009687888
ES0105066007,0.005638199977702271
LU0775917882,0.004640575776814841
US7607591002,0.03909338929286237
JP3870400003,0.0037431890828933784
CH0016440353,0.019388301535391676
CA56501R1064,0.009240509407055498
CH0418792922,0.07944029449004042
US5801351017,0.4299648773334521
CH0435377954,0.006956408317197629
JP3596200000,0.016868476113081444
US58155Q1031,0.08175164116310164
US8425871071,0.08607709862120157
US7043261079,0.06735910796580838
AU000000NXT8,0.0004370921202712544
SE0000108656,0.10857821427932689
CA4969024047,0.01631019236886552
JP3942600002,0.006782915541111989
HK0019000162,0.0006140702509114747
JP3404600003,0.03275024327517364
JP3162770006,0.02172288274644007
HK0014000126,0.003321391454931804
JP3893200000,0.04967093535765132
GB00B1XZS820,0.10543342441758442
JP3300200007,0.006903089428666561
GB00B1VZ0M25,0.014091215898344412
GB00BH4HKS39,0.05873342683564725
CA7751092007,0.03792465496882485
US2193501051,0.020554432519478385
DE0005557508,0.11486196393072425
DE000PSM7770,0.010643919701093782
US90384S3031,0.009836076584260027
US78409V1044,0.1661807600179856
KYG9828G1082,0.011815488398513428
AU000000LYC6,0.005993410369173876
US7561091049,0.06791349025482946
US78410G1040,0.06111594816150648
JP3388450003,0.0033299216133828133
SG2C32962814,0.0052061155387863375
US3802371076,0.026585876932861734
JP3862400003,0.02202648727169762
SE0000667891,0.05023065141519502
AU000000IAG3,0.005832125156757714
NL0012169213,0.022229206173430684
JP3546800008,0.0293724330308607
US9581021055,0.027265073306195882
DK0060542181,0.005878245120797467
CH1101098163,0.008001139543387891
JP3409000001,0.037009848704426807
AU000000CAR3,0.003913992070555212
ES0113860A34,0.010024584711203856
JP3116000005,0.04139630915571917
AU000000QBE9,0.021390711780777324
GB00B1WY2338,0.01756593343525874
US0091581068,0.016212255357933823
US22052L1044,0.024637720087265107
JP3247010006,0.007860636890517149
US25746U1097,0.10661418291776888
US0268747849,0.058093687739042124
FR0000133308,0.04256841324788659
AU000000SEK6,0.017096861952601634
JP3162600005,0.06061839903947291
AU000000ANN9,0.0018324971468844185
US29476L1070,0.05182724091216784
SE0000202624,0.01587964743866865
US42824C1099,0.03819916711151497
US44891N1090,0.03204425303848838
BMG2178K1009,0.009199040634192001
JP3571400005,0.12221090901537275
US0162551016,0.06086752256833227
FR0000130452,0.02074894326225373
AU000000CHC0,0.002165334657285941
JP3870000001,0.0039051436814091264
JP3633400001,0.43331624202643465
US7782961038,0.10177969228186091
AU000000ORA8,0.0015672161840762189
GB0007669376,0.01863424835881801
JP3802670004,0.005579016685078809
JP3397200001,0.0362621924721266
US9291601097,0.0408408559701808
GB0008220112,0.005175818573902394
NL0012015705,0.014920433118155177
FI0009003727,0.012156002208139696
US1890541097,0.03305215923073163
JE00BJ1DLW90,0.00576950123660338
US1696561059,0.09920544127968395
NL0014332678,0.006798107698621224
US2441991054,0.22992843982641875
JP3726800000,0.04348571575768205
US22788C1053,0.0682885524712826
DK0010244508,0.004095609495956448
GB00B71N6K86,0.0016626839859344295
AU000000COH5,0.02308372062896505
GB0033986497,0.012756028515107407
NZEBOE0001S6,0.006801324808078503
SE0014684528,0.024120434827786665
JP3659000008,0.01403675322233924
US89832Q1094,0.046807803322984405
KYG5140J1013,0.005776980870180457
US48251W1045,0.059587170622159145
JP3401400001,0.014962718915850964
US09062X1037,0.09648040799944207
AT0000831706,0.005123084827598482
SE0011090018,0.01145099773785025
CH0012142631,0.010489686250350483
CH0012255151,0.013965262378255235
IE00BFRT3W74,0.023157679200873187
HK0388045442,0.1189924331648318
JP3539250005,0.006316375195881048
US45168D1046,0.09078537549765948
SG1CI9000006,0.009110928344963845
DE0007030009,0.007723114771341784
GB00B8C3BL03,0.018396783327278225
US40412C1018,0.09390427593881252
US1667641005,0.33705224191393857
NZMRPE0001S2,0.006406667269863349
US0997241064,0.023659596853037763
NL0000379121,0.018395208222089017
CH0319416936,0.006646839381528623
US2172041061,0.016318713069833686
DK0060636678,0.011581802632582844
US0995021062,0.024488557901010722
GB00B24CGK77,0.12814662107018945
IE00B8KQN827,0.10149511696185987
US7739031091,0.061590813627144365
JP3939000000,0.00943384683937189
JP3277150003,0.00806209961287981
GB00BYRJ5J14,0.007273691966852316
NL0011794037,0.030044967006640923
JP3649800004,0.008433934367646508
AU000000REH4,0.01203472344821886
US29786A1060,0.08811061588469152
JP3283650004,0.012443605054772183
JP3982800009,0.0051683448756522175
JP3046400002,0.004391576086593805
JP3519400000,0.04936659237700885
FR0000121964,0.013994720922984207
AU000000SYD9,0.01932941120379933
JP3973400009,0.01377221005088042
SE0005127818,0.002588917040127971
US1773761002,0.027990879108785137
JP3220580009,0.0033603366191866223
NL0000009165,0.04778880746061365
US26875P1012,0.08623207905697464
AU000000MTS0,0.006335629277822544
AU000000REA9,0.01657938639192529
US2333311072,0.040814092365440154
JP3937200008,0.012186808249023589
US0258161092,0.2183612912238139
US0255371017,0.049540765680899435
US2944291051,0.05761262832878085
US4448591028,0.14554982555872123
US1720621010,0.015268464608589969
JP3326000001,0.0031874003113047116
PTJMT0AE0001,0.005201657682492893
JP3547670004,0.007697773994904811
SE0000103699,0.045389999035921856
GB00B3MBS747,0.024048952968688635
SG1N31909426,0.002936128118415857
JP3982100004,0.005870880743359204
US92556H2067,0.049710409697593175
ES0113900J37,0.1503689190935342
US45337C1027,0.042030007667358794
GB00B39J2M42,0.018188901693930306
DE0006062144,0.01777262944646389
JP3582600007,0.008051995738190532
AU000000VCX7,0.003182024486916501
FR0000120404,0.006809750768966713
GB0004161021,0.008005890557055535
JP3284600008,0.013458487798967505
JP3040880001,0.012101757005721863
US2371941053,0.04116828974141339
US0844231029,0.02043024279773027
US38141G1040,0.22398586061343584
JP3900000005,0.020138142779798838
CA8672241079,0.02776881296296325
PLPKO0000016,0.0024615843414591224
US0970231058,0.26759093311980187
US4278661081,0.049234160316721474
CH0008742519,0.03810543092752742
IE00BTN1Y115,0.38697849574393967
NO0010715139,0.009095068697260275
JP3236200006,0.19542044662793
BE0003851681,0.00283120749568741
US1912161007,0.42838250546882595
US7496851038,0.023998913217928478
GB0007908733,0.03816831711523206
JP3386030005,0.00487276824831069
DE0006048432,0.01930877591365395
PLPKN0000018,0.006911110189223118
US24906P1093,0.02535227897925502
AU000000ILU1,0.004103602554483868
JP3475350009,0.08288606299462983
JP3246500007,0.0007869594317004915
US02209S1033,0.21629851604317865
JP3336600006,0.0064573503636812975
GB00BZ09BD16,0.056638213777113554
US92343E1029,0.04030519838329397
NO0010063308,0.00540307837690614
SE0010100958,0.005419662175553114
FR0010307819,0.05251918303149957
AT0000A18XM4,0.008593963611555618
US8793691069,0.031074647345820917
US3755581036,0.19173121190943956
JP3280200001,0.004933373032539341
US69608A1088,0.05819726862288558
JP3629000005,0.008768601892046942
US6819191064,0.03145577871913681
US1255231003,0.22377973006000054
GB0006928617,0.01006429194457139
US49456B1017,0.029511249708402472
DE000BASF111,0.13452455417469472
US8636671013,0.20167802433220405
NL0011821202,0.13880471910798808
ES0130670112,0.01493577702443135
US00130H1059,0.021127667405980877
CH0025238863,0.03368796624579902
IE00BDB6Q211,0.04069161157413715
US7010941042,0.07598896544179007
JP3535800001,0.0018479769892103455
JP3869920003,0.0011104403269293294
FR0010613471,0.018033717274833102
GB00BJFFLV09,0.03265965049788063
US91913Y1001,0.06392903938600875
JP3497400006,0.026127477740932735
JP3695200000,0.00492352853942118
HK0000093390,0.0030997717638979482
JP3499800005,0.005720605691017028
SE0000825820,0.015261729748032611
AU000000EVN4,0.01128412272843079
CH0432492467,0.04040070555806798
DE0005089031,0.008523198261666714
JP3749400002,0.02982421633248798
JP3422950000,0.01882902001049079
AU000000QUB5,0.0028970804159186864
NL0010832176,0.022872027782174262
SE0006370730,0.009515822610455842
US0200021014,0.04873071137102267
FR0010242511,0.01392782695992712
US74736K1016,0.03768629179644849
JP3436120004,0.012338929432765383
US29362U1043,0.025159818083527234
US5128071082,0.16244886237397613
NZMFTE0001S9,0.005194055724916448
US02005N1000,0.03481139676984682
DE0005785604,0.025443072620581746
US2786421030,0.08386601419600992
US30063P1057,0.022251012981840478
US20825C1045,0.07591620119206835
FR0000120578,0.20382041407708354
GB00B8W67B19,0.026475105164401335
US9182041080,0.06667879493977207
US69370C1009,0.025656303523083672
GB0000456144,0.01785137700412189
AU000000TAH8,0.020184412699122717
GB00B019KW72,0.010707636751754034
US43300A2033,0.05533024400312684
US9224751084,0.0847245013922582
JP3388200002,0.030671648087843714
JP3701000006,0.0026939433782784193
NO0010716418,0.010112404231429919
US1491231015,0.23526250496397455
GB00BDSFG982,0.009375782149231505
JP3783420007,0.008257614100827367
SG1F60858221,0.00899990490840605
SG1AF6000009,0.003369971646846873
US2910111044,0.0971802380310149
FR0004125920,0.010307153419554795
FR0013451333,0.01401336908584324
JP3347200002,0.026152945118863537
NL0011585146,0.056145107819753605
US0533321024,0.027181098811360122
AU000000ORG5,0.008282578022352244
HK0000179108,0.0022644846994397177
US5404241086,0.023568471034775988
SG1V61937297,0.0018465728968610968
FR0000120685,0.013162863461592485
GB00BK9RKT01,0.009885284680126514
KYG6145U1094,0.001640627400139227
US6934751057,0.057888842445057646
JP3431900004,0.00793214123082427
US7547301090,0.026825709807114757
FR0000127771,0.06909596518126039
US00287Y1091,0.387085418312445
BMG0450A1053,0.030742387321175534
JP3762900003,0.007041918469963335
JP3942800008,0.006587304130769042
US3032501047,0.03203827619107115
DE000LEG1110,0.015742882817862566
US75886F1075,0.10999085335382414
US76680R2067,0.0465332548125534
US0357104092,0.022126435679478116
JP3046190009,0.002427431312635376
JP3830800003,0.0207548021825816
JP3935600001,0.003954619988389978
JP3605400005,0.007607308967588485
JP3930200005,0.002045937601792102
CA5592224011,0.06253765822105496
NL0012866412,0.010667033608768715
FR0000052292,0.10310125619314862
US75513E1010,0.2510916013492735
JP3500610005,0.007617708223422777
DK0060448595,0.04511270989835556
US98978V1035,0.1475548224322107
US9256521090,0.047329815366228024
US37959E1029,0.01903740667175114
JP3853000002,0.005854191720268911
US55261F1049,0.010659859413367367
JP3569200003,0.008202802476391944
CH0225173167,0.009061322089987042
SE0015949748,0.007038274224712275
IT0003153415,0.01664004661439192
JE00B4T3BW64,0.10787756496884662
JP3880800002,0.010171064120455642
JP3942400007,0.057662604616166624
JP3381000003,0.010977142081658044
GB0002374006,0.21305392595217923
US64110D1046,0.028915239078029273
JP3658800002,0.0032393356646278036
HK0008011667,0.0019827061728173736
US5178341070,0.04675208839276102
US98980L1017,0.11152932894430098
JP3814000000,0.03607129054561443
US45784P1012,0.035296906344923065
BE0003593044,0.009692545051202175
LU0156801721,0.00985968636218256
US5500211090,0.09170578069981236
SE0012853455,0.036772789504869376
SE0000103814,0.01053761927887512
US74251V1026,0.02461042319847787
GB00B0LCW083,0.00842151359029284
US3695501086,0.09633158553898719
US70450Y1038,0.6568610896984295
US25470M1099,0.02681644031032974
JP3778630008,0.03487191839990275
US0028241000,0.32520564268403807
JP3119600009,0.007516084257447905
US67103H1077,0.03201955491938957
US0231351067,1.153097837377851
SE0000862997,0.009414705651107485
US6092071058,0.14281523355417602
FR0000051732,0.013863381574168923
US25754A2015,0.04150435635777384
CA8849037095,0.02804232140450947
JP3597800006,0.007345680841446728
US3666511072,0.03146340236544757
KYG608371046,0.012017203710714096
US7433151039,0.10486435320339782
GB0004052071,0.02775795436083894
ES0118900010,0.026964947156224387
JP3040890000,0.0032824206669894653
US40171V1008,0.01640471860453064
US1011211018,0.034643434754544726
FI0009007132,0.01534165599204521
JP3305530002,0.00800134344580173
JP3502200003,0.014276498842019666
US37045V1008,0.13785366765107795
US8486371045,0.036875369945270756
US72352L1061,0.05785059421952681
US8036071004,0.009370305197191982
HK0023000190,0.0031300610465709107
CH0198251305,0.011943669803805724
JP3837800006,0.03138172308559726
CH0311864901,0.014076297548068486
GB00B02J6398,0.019592684747209717
US3453708600,0.09531603718607833
US45866F1049,0.11826547840554569
DE0006632003,0.00355306078293132
AU000000APA1,0.005927054806780399
JP3358000002,0.02659839341363576
US94419L1017,0.05815237927304677
FR0012435121,0.0035167116239554217
JP3047550003,0.01814377407423237
US24703L2025,0.045388900266753955
FR0010533075,0.012861800909737774
GB0007980591,0.20058412246478843
CH0038863350,0.5972251589147811
NL0000009827,0.033939554732568274
US15677J1088,0.022325402912992665
US6200763075,0.0751206793290142
US1508701034,0.02686901948394713
JP3946750001,0.008373974806161926
CH0008837566,0.007420402246154897
US00206R1023,0.2712080533667541
US8288061091,0.07654789440233135
JP3336560002,0.008607243593984373
AU000000IEL5,0.0018720373375374275
US45687V1061,0.03493168093132036
KYG2953R1149,0.004720007957100482
JP3871200006,0.0012707943307131838
JP3196000008,0.01366011298756859
SG0531000230,0.007183820145519065
US9497461015,0.5156381071071935
US98389B1008,0.0476233621170354
CA94106B1013,0.055245242371612796
JP3233250004,0.009010327805104018
ES0113211835,0.059653507438642214
CH0012005267,0.3951152795615121
DK0010181759,0.029707754036988877
GB00BGDT3G23,0.021038734661985272
JP3229400001,0.013519179357505386
ES0173093024,0.015022643238514979
US9078181081,0.07417020943787514
JP3733000008,0.028531583194235686
JP3131300000,0.004535943519062571
JP3443600006,0.015515926799490229
GB00BF8Q6K64,0.015358604525832894
JP3684000007,0.03014015393037654
US6556631025,0.019943880311224734
US90353T1007,0.06043847134293113
JP3752900005,0.00557922147503152
US29452E1010,0.025315317728401378
FR0000121220,0.02079269704061341
ES0116870314,0.01552616646501618
GB0002162385,0.050816306073351254
IT0003492391,0.00859684323334253
AU000000SGR6,0.005993666566446272
US4612021034,0.20846639890399243
US09247X1019,0.2212083783654345
FR0000131906,0.018481032228155697
JP3126400005,0.003672526578698205
NO0010031479,0.05641309099418191
JP3046310003,0.0014602895093021532
US5010441013,0.03075468293124549
JP3362700001,0.0008996011061109431
GB0008754136,0.001029266561611251
JP3459600007,0.00521670335046056
FR0000131104,0.17788585103556545
LU1778762911,0.09434885586493931
JP3560800009,0.008939672685462693
SE0008321293,0.02527708602945921
FR0000130577,0.028303097209329105
BE0003797140,0.0020579162239737687
JP3755200007,0.006710454904612737
US5502411037,0.006033624399463623
GB0005405286,0.22424581484878506
JP3699400002,0.006889021912103191
NO0010844038,0.008696058245525195
US64110L1061,0.36378801700640623
US0188021085,0.01776701502472456
FR0000121147,0.008465182991678815
US90138F1021,0.09752356889323158
AU000000MPL3,0.013478345394777602
NL0010583399,0.0024028558219543654
GB00B033F229,0.009094523336817002
US1924461023,0.073243354187628
GB00BGXQNP29,0.015992459826896968
CA25675T1075,0.010592558683161963
JP3885400006,0.013589738471892928
JP3665200006,0.005570672173533662
JP3830000000,0.009454361046221754
FR0000121204,0.004323868482513017
SG1J27887962,0.006265594108155727
JP3967200001,0.01986672647444636
CA3495531079,0.03333242177025104
SE0000113250,0.021194897126481097
JP3210200006,0.014862396477744266
GB00BZ1G4322,0.021722002115782825
JP3399310006,0.011502438309123005
CA45823T1066,0.03529457610533794
US22266L1061,0.03398550374721876
US92939U1060,0.043853434030791796
SE0007691613,0.007843443338913816
US46120E6023,0.19418632261440644
US0394831020,0.01764363563643436
NL00150001Q9,0.07020076094527444
GB00BDCPN049,0.02723123583563259
US60770K1079,0.014758490043942488
GB0002318888,0.005708661927272405
JP3046500009,0.010240118648391944
JP3902900004,0.1254135897171135
US2605571031,0.042868046409454276
AU000000SUN6,0.007693591345466023
JP3256000005,0.014569000132107324
FR0013326246,0.02531130551957075
IE00BWT6H894,0.07804625336019702
JP3888300005,0.010411956510194754
JP3046390005,0.002705504773608315
US1468691027,0.052555016954889504
CA87807B1076,0.018371787315228708
NO0003028904,0.007521398320918005
JP3676800000,0.009543957468796787
SG1S03926213,0.010311526244889003
CH0025751329,0.036949925763376176
AU000000CBA7,0.2163658534034669
HK0083000502,0.005485148094189338
US5261071071,0.023481040651473217
JP3249600002,0.029057445264778898
IE0004906560,0.020801605087647983
US40131M1099,0.02422099292451194
JP3667600005,0.0060637977258410445
US73278L1052,0.023105696310556707
NL0010273215,0.4820933736358755
JP3045540006,0.002413262258708818
US8330341012,0.023852946982634862
CA7392391016,0.025864419092528842
GB0001367019,0.01655620685260267
FR0000124141,0.02976486817167156
LR0008862868,0.016396508825023044
SE0000310336,0.030239471720572564
BE0974293251,0.06894268353345206
JP3131090007,0.011420440562190168
ES0105046009,0.023805405995796166
US2810201077,0.04507083144969669
IT0004056880,0.012185550887224575
SE0011166974,0.01110145002289099
NL0000303709,0.020049194758508276
SE0000107419,0.06984176711083778
SE0000652216,0.010714230969109539
JP3493400000,0.005347024496832153
US0605051046,0.8886992156094314
JP3165000005,0.01750525280017004
JP3419050004,0.0028053370686376066
SE0009922164,0.00571197468285911
JP3585800000,0.009585228646551324
JP3981400009,0.0018870946559075552
JP3754200008,0.004762449930200575
DK0010219153,0.004309300966194017
GB0005603997,0.054715484878190244
US0453271035,0.016659900100923306
GB00BYW0PQ60,0.018129618104839283
JP3921270009,0.002815608017470408
US4404521001,0.012259429085644587
US9113631090,0.04228885644881943
JP3206000006,0.006426086138220649
FR0000073272,0.1008012046423504
BE0974320526,0.031585649020595
JP3705200008,0.004923315311563859
DE0006452907,0.007720456671603552
US4180561072,0.033965339647323546
US65339F1012,0.22737880874919886
US94106L1098,0.10647848016301081
CA0641491075,0.14839929218269718
GB0002074580,0.0018393618250391478
US78486Q1013,0.0691765098388903
GB0022569080,0.018265107742341857
GB00B2QPKJ12,0.00411664463217059
JP3476480003,0.027161662249938705
SE0000163594,0.010800437049574525
ES0113679I37,0.009685497231273028
CH0012100191,0.012197321180732369
FR0000184798,0.008412530591826988
JP3706800004,0.005610294757460761
US7140461093,0.030225813443384385
CH0531751755,0.007132166356410681
US42809H1077,0.022643421867411435
NL0012969182,0.14162711150736676
JP3836750004,0.0027158246447320095
US3687361044,0.040071996937275346
US26614N1028,0.03266071255686575
US9598021098,0.022185681998395934
HK0027032686,0.04814832589960935
GB00B5ZN1N88,0.04557152923490992
SE0000667925,0.02548886354126787
JP3845770001,0.009007457072154834
US8326964058,0.027701414980057917
US30161N1019,0.08547970220902472
AU000000BHP4,0.20889328878390878
FR0010259150,0.007868901096992727
JP3137200006,0.012883888803050584
JP3244800003,0.006375642457712413
JP3048110005,0.009251330958106086
US3696041033,0.2258848938308368
GB0003096442,0.013814294730600212
CH0024608827,0.059272939686696016
US1713401024,0.040771193303702734
US45167R1041,0.03171437306190505
JP3894900004,0.006013160202559939
FR0000120321,0.24789122832151872
GB00B63H8491,0.023899148824613418
AU000000WES1,0.01606311635153063
JP3407400005,0.018948917902993752
US0320951017,0.061386625446458294
JP3598600009,0.004609604141022024
US00846U1016,0.09105540478019161
JP3188220002,0.01686066513378623
LU1072616219,0.009262544250814101
US98138H1014,0.07516242873507686
US74144T1088,0.07156263155774605
US91332U1016,0.025591708089228855
US67066G1040,0.6940768391765001
JP3436100006,0.2663807046306168
JP3027680002,0.013768443938506859
BE0003717312,0.01058092790327378
US58933Y1055,0.3337351697410659
CA76131D1033,0.05122005999013981
US1220171060,0.0289742477876519
US60937P1066,0.03172313234948246
US0584981064,0.041013204424594746
ES0125220311,0.007254659516791178
US8666741041,0.014795700930854796
SG1M31001969,0.03620106992765864
AU000000MFG4,0.009508337249491723
JP3729400006,0.013287896079365563
JP3268950007,0.009091492948887373
US3024913036,0.04105079766572577
US58733R1023,0.16880790227416675
US57636Q1040,0.7232412944459691
US0036541003,0.028574116912763806
JP3435750009,0.06854884828830618
US57772K1016,0.032208318321886746
AU000000AZJ1,0.00277343623086909
US4456581077,0.013848015558326645
AU000000APT1,0.04515470781138905
US58463J3041,0.015386366673819431
JP3613000003,0.005921649342218896
JP3735400008,0.06752039463299235
US6541061031,0.37733807581567547
JP3638600001,0.00483213675412812
US6937181088,0.06487606510266769
FR0000121485,0.1980842917613414
US5732841060,0.01995183531908423
DE000SHL1006,0.01665208248640618
US8064071025,0.02514143447937356
ES0105025003,0.004533381127871811
NL0000009082,0.031206997721392182
JP3493800001,0.008969792310121488
SE0007074844,0.007998138943804921
DE000A1EWWW0,0.14788048716404148
CA3039011026,0.017826131838281082
GB0004544929,0.04847157383219736
US03027X1000,0.04598658391880447
AU000000IPL1,0.0022797386435422138
FR0000121329,0.021479945799007836
NO0003053605,0.011255551418333447
SE0000379190,0.015445417065077491
JP3360800001,0.016445857985302573
JE00BYVQYS01,0.004651075730603961
JP3717600005,0.010292548758751283
JP3260800002,0.012742262877369988
CA49741E1007,0.02179300743396332
GB00B0SWJX34,0.05910143960127352
US11135F1012,0.21923424275222014
US1567821046,0.043540265554835395
IE00B4BNMY34,0.4044741071458971
US4523081093,0.13342236326308637
ES0184262212,0.0006302544481447535
GB0003718474,0.007834524408899165
US6687711084,0.023903236470349348
JP3526600006,0.017697323794683244
FI0009003305,0.055961823926524476
SE0000106270,0.060644641573107
JP3357200009,0.02141031802006392
JP3162350007,0.0040765523169022854
US8835561023,0.35279485174444936
US35671D8570,0.0937420587815211
SE0007439112,0.01275929564490507
US83417M1045,0.03698675242511241
AN8068571086,0.10664730192037883
JP3486800000,0.020593958951852988
AT0000BAWAG2,0.009174856723352071
DK0061539921,0.11968306092282252
FR0000051807,0.04110766689937069
US0530151036,0.16715702416883657
JP3111200006,0.032417687263000296
PLPEKAO00016,0.0014535622412828696
JP3358200008,0.0033957731014287998
US2561631068,0.07371178998609627
US9285634021,0.025233063161638404
HK0006000050,0.0013284548608748998
AU000000NAB4,0.10547182935654509
US1488061029,0.016159175721630226
DE000TUAG000,0.005977418827142958
US92826C8394,0.8421256898755575
JP3164720009,0.00916105515960379
US81762P1021,0.18673591739211298
GB0009252882,0.14008860926590494
US00971T1016,0.024709459075579598
NO0010208051,0.004554783266643695
NZATME0002S8,0.010765389752835884
IT0005239360,0.0400502628419632
US20030N1019,0.5118137955906614
US0311621009,0.2935044808704683
AU000000CWN6,0.007038292039419407
US6668071029,0.12115982770075827
AU000000SHL7,0.02515151307910908
DE000WAF3001,0.0011391801859271242
DE000CBK1001,0.012019553117003883
US1431301027,0.05545377416990142
JP3866800000,0.02520419724433757
ES0177542018,0.0032457886533404203
US1941621039,0.11197263453797761
GB0030913577,0.048560164526080155
JP3271400008,0.003793914297625324
JP3039710003,0.00417539416255625
JP3311400000,0.016172948151663927
JP3890310000,0.02203517331911053
JP3788600009,0.08262132875704689
US74460D1090,0.09659244764302995
US4698141078,0.03562941106173944
FR0000035081,0.0065026678932386065
FR0013280286,0.009884278486164405
DE000ENER6Y0,0.045813133049217136
GB00B10RZP78,0.3148172067224633
US87165B1035,0.05042936938614833
FR0000120503,0.02424287755341452
GB00BDCXV269,0.006293889750229422
JP3449020001,0.001099800151413021
JP3914400001,0.048771004711360214
FR0000121014,0.47172927011307764
US12685J1051,0.016976704886977997
JP3143600009,0.09286422213717006
IT0003497168,0.005888857657525718
CA7063271034,0.020303175622107286
CA87971M1032,0.03848732421103983
FI0009014575,0.016000957527445056
NL0000226223,0.021203466003890052
JP3117700009,0.0019574340881419756
JP3429800000,0.005993426910009482
DE0007500001,0.0025567704933428855
US8243481061,0.1263901208378987
NZAIAE0002S6,0.01329803476205091
US2538681030,0.01068047811886824
US65473P1057,0.01626376629867952
PLDINPL00011,0.0035401689350187983
IT0005090300,0.0042807283204903445
JP3165700000,0.017938493556699815
KYG851581069,0.021763566411754004
JP3351600006,0.06352078444248194
US09215C1053,0.020473832934247503
GB00BHJYC057,0.011181583625488718
US7591EP1005,0.009999042732461888
GB00B7T77214,0.024958043095492956
US8923561067,0.023063055117964373
FR0013154002,0.017058552824024846
JP3046230003,0.006934067504935702
AU000000CPU5,0.008424777725489828
US5303073051,0.04030555910548173
US7181721090,0.35308589921878525
CH0012214059,0.008246175571430701
US1746101054,0.021993115787771196
AU000000MGR9,0.016375495723300708
SE0005190238,0.008163494528580178
US3724601055,0.03241756313106149
AT0000730007,0.006603429183903483
US3167731005,0.07303658289626096
GB00B1YW4409,0.03129116192945014
IT0001233417,0.005452929888094601
BE0974256852,0.003255424383102136
JP3386380004,0.0022300522324080535
JP3173400007,0.02424393504533711
JP3689500001,0.00568631381058566
US8522341036,0.20027796094872014
US0378331005,4.101455029207263
CH0002178181,0.005985093780477514
CA0084741085,0.034649864898772795
DK0010272632,0.014546957883213816
GB0031274896,0.009668470736689059
DE000UNSE018,0.006091562835453198
JP3869010003,0.00997743730164475
BE0003565737,0.03776226511881421
IT0005211237,0.006198507899903722
US6974351057,0.060685696994030265
SG1M51904654,0.011128853437291078
US28176E1082,0.1312731195879873
US9839191015,0.05796863631785216
US21036P1084,0.08331354197294562
FR0013227113,0.007095064658387804
CH0012032048,0.5109891052154442
GB00BWFGQN14,0.023052386350977068
US28414H1032,0.021723936188007015
FI4000297767,0.09845607982346356
US12504L1098,0.08040129210149431
DE0006231004,0.05189709079528553
AU000000QAN2,0.0026026057130593915
GB0006731235,0.0076591791493735555
FR0000120172,0.02188907783798528
US31620R3030,0.016887894109700183
DE0005470306,0.006614757535107516
US2058871029,0.027149808240022978
JP3711600001,0.003845040122637919
US17275R1023,0.5745798946519799
JP3143900003,0.0065070574372132215
AU000000MIN4,0.014094503873982757
JP3783600004,0.03764536540642905
FR0000050809,0.005504918219772909
US9884981013,0.08794664983218142
GB0031215220,0.003225308299898599
JP3180400008,0.015679433070446978
JP3421800008,0.036501821183997966
FR0000120693,0.08607948910187554
IT0003828271,0.00872792170077261
US11133T1034,0.029369322003782634
NZRYME0001S4,0.001998004311413
BE0003739530,0.025427020702630258
US3390411052,0.0509180961809919
CA1125851040,0.12029465567616864
BE0003764785,0.001659263907417998
GB00B04V1276,0.007352872830974138
GB00BY9D0Y18,0.007036087422559818
DK0060738599,0.008494355852436068
US6311031081,0.031260878458784495
KYG9593A1040,0.024174622420935255
JP3784600003,0.007972405344714033
DE0008404005,0.18131115191735792
DE0005790430,0.008726661884450813
CA0679011084,0.054373287839517136
SE0000455057,0.003645943206207366
SE0009554454,0.004188283153713869
US4523271090,0.1222766076323582
FI0009005961,0.02516349793858096
JP3639650005,0.013479852153714342
AU000000ASX7,0.014296886893867678
US0079031078,0.1843098759394841
SE0011205194,0.006805756470953261
US69331C1080,0.03388040882300009
JP3854600008,0.10470057935713285
US7234841010,0.012623329517172432
PG0008579883,0.009346583309477139
US55354G1004,0.07292998535305656
DE0005313704,0.00300731255931104
CA1363851017,0.01625156324117861
HK0002007356,0.020833175699147412
JP3758200004,0.00530871543525009
JP3304200003,0.05737864707024349
IT0004965148,0.02909498682634224
GB0007668071,0.0064817650668522195
AU000000LNK2,0.004008319396262747
SG1S04926220,0.07726602900648212
US0640581007,0.07417661104595984
JP3200450009,0.019261419387965988
US9831341071,0.02812531149629275
FR0010040865,0.01706309420054048
BMG4587L1090,0.009686014080747334
US5950171042,0.04142698000569201
US4592001014,0.22852590026148148
CA1360691010,0.09719269237348478
US92532F1003,0.13660576905844296
NL0000008977,0.01737387389899825
CH0012280076,0.037049613554907254
DE0008303504,0.01161293135974842
FR0004035913,0.007200792611779083
US0534841012,0.06090546744095147
GB00BVGBWW93,0.007728888834679161
JP3336000009,0.010402947384767347
JP3158800007,0.0008278549225228727
JP3417200007,0.00323920643543992
CH0363463438,0.005092607351308408
AU000000BXB1,0.023347402510618415
JP3657400002,0.0027138862069137513
JP3201200007,0.0562296752259571
US5951121038,0.05075850608453387
JP3753000003,0.0019562156418016295
JP3756100008,0.021232840231743842
JP3890350006,0.10135069924299078
US31620M1062,0.19660101037855188
JP3047510007,0.018094297775323172
SE0011337708,0.004081637887842407
CH0014852781,0.03616446222547625
FR0013269123,0.002991344971048705
US4878361082,0.03494078988292045
GB0032089863,0.039232347456397636
DE000A2YN900,0.012522935473386827
JP3634600005,0.03145114684122602
US0126531013,0.03695548527165952
JP3536150000,0.012382978119908853
FR0000045072,0.05047228261525168
FR0000120644,0.08672791761415821
US7170811035,0.3564562522744585
KYG8087W1015,0.005203336381868712
US3841091040,0.02495884458003767
IE00BLP1HW54,0.04647638666503824
JP3409800004,0.003148059262610279
CH0042615283,0.007972411700396727
US1331311027,0.011852012514481501
US89417E1091,0.06695901329228551
US5024311095,0.08568711328990415
DE000A161408,0.03169752553374021
US74340W1036,0.24565852890826884
SE0001662230,0.008987236184971359
SE0000108227,0.02477128616612108
NO0010345853,0.006380329091778126
CH0024638196,0.022984172247823377
DE0005439004,0.019713029954597464
GB00B06QFB75,0.008194346288492183
SE0005999836,0.006126628971809005
NO0005668905,0.01117539857980684
JP3729000004,0.0027448079763381507
US14448C1045,0.07629732254644456
JP3922950005,0.016961271875702694
AU000000AWC3,0.0020992075277203085
US9311421039,0.19398637464474242
BE0974349814,0.00962668547613321
US7475251036,0.29063162911228263
JP3209000003,0.008070885349247298
JP3802400006,0.08609742793775106
US7766961061,0.08486263546016659
US3377381088,0.1385026489605242
AT0000746409,0.010288766012158335
CA8911605092,0.3184922379036866
US0758871091,0.1329750966064289
US68902V1070,0.06582381670311149
SE0007074281,0.007823896960224348
JP3293200006,0.004943389215777776
GB00B4WFW713,0.007976274672295273
DK0010272202,0.052838205941269804
ES0109067019,0.05631858373884938
JP3738600000,0.004278208883046772
FR0000130809,0.03681578940042869
US46625H1005,0.7928225261143759
US7458671010,0.039983071310460076
CH0001752309,0.008217904176866684
US7445731067,0.05521194905017106
US3848021040,0.04409224668842093
AT0000652011,0.0126107351473006
GB00BYX91H57,0.014774377959192127
JP3047820000,0.0018479769892103455
NL0000360618,0.0010176910668007221
US64125C1099,0.01883845552100587
US8825081040,0.2054572007775905
FR0010451203,0.009686450593875219
AU0000030678,0.013487746470481437
IT0000062957,0.012717323574363582
JP3621000003,0.01998766550933449
JP3715200006,0.003851933574900946
JP3148800000,0.003997316379992637
JP3360250009,0.003872444088969408
US29444U7000,0.11431829503619591
NL0009432491,0.0020523294575627506
US7611521078,0.05748400192187884
CH0012549785,0.03403552045651645
JP3734800000,0.0915470770020554
US74834L1008,0.030284731447802606
JP3548600000,0.01833152558399817
JP3385980002,0.014881397775259339
US0536111091,0.04643736441839994
DE000A0LD6E6,0.0005319006906456438
CH0030170408,0.04651785747748096
US4262811015,0.026006856254976556
AU000000SDF8,0.004122484137692156
CH0010570759,0.019630692710629633
US6516391066,0.10117856588804877
JP3769000005,0.001604109564617592
US8793601050,0.031216640037339708
GB0002634946,0.04047504579864973
US3379321074,0.03448723497445987
US4364401012,0.03883571253564581
JP3027670003,0.005964848803651787
JP3242800005,0.039671628786047755
US6153691059,0.09711083164961996
JP3164630000,0.012066311288499307
JP3592200004,0.0326993066830109
GB00B082RF11,0.020227442067783243
JP3463000004,0.11447758689515258
JP3396210001,0.00732436172226312
JP3126340003,0.009182129666323978
DE000A2E4K43,0.052239901072987364
BMG507361001,0.03310701916098543
AU000000RIO1,0.06283589205674728
CA82509L1076,0.25150576645827133
JP3892100003,0.029702399384224337
US4943681035,0.013303445504061161
FR0013176526,0.012146519720699033
JP3269600007,0.00443968994893873
GB00BDR05C01,0.08560141686201711
JP3134800006,0.006265616751161259
US92276F1003,0.02407258776853473
JP3283460008,0.005519229736909857
FR0000121667,0.060028719289322005
DE0006047004,0.0041946043433878704
BE0974264930,0.021725386026019734
DE0005552004,0.08052719496829326
AU000000JBH7,0.006251345673347763
JP3672400003,0.02151119577783083
NL0000334118,0.024149757764763094
FR0000125007,0.05499321302598362
US83088V1026,0.0336291726700434
US2855121099,0.09140159555026138
KY30744W1070,0.02235664119010574
US5717481023,0.04081448571728653
US34959J1088,0.0493677833898174
JP3805010000,0.0028346047040535096
US2166484020,0.02947594263191559
IT0000072170,0.026577343294003596
IT0003128367,0.13853332539805874
GB0004082847,0.022850316579786208
JP3400400002,0.005366499331006843
JP3270000007,0.011086311182989552
GB0005758098,0.009154112866898453
US0404131064,0.05078346395952672
US92345Y1064,0.0651687522425735
US4595061015,0.0930086795282153
GB0000536739,0.051280501209551736
HK0003000038,0.032960835101390126
GB00B1KJJ408,0.021704005680427647
JP3725400000,0.006447999711466732
US15189T1079,0.02587068793734341
SE0012116390,0.007376507925493237
PLOPTTC00011,0.004608687078109907
JP3420600003,0.030965036583797786
JP3910660004,0.05868952459680849
IT0004176001,0.013230481398184838
NL0000852564,0.007311628499101935
NL0010545661,0.029501848690080018
JP3404200002,0.0017459302603022343
JP3786200000,0.008647535399698833
JP3766550002,0.01486263277539579
JP3976300008,0.008354203667646873
US00751Y1064,0.01066310626619201
GB0009292243,0.006945810740175157
JP3190000004,0.013418839373642239
CH0364749348,0.015646245450574435
US05338G1067,0.019202114095530954
US6703461052,0.015802586462533224
DE000BAY0017,0.04649882876177874
FI0009000681,0.04997780424839618
JP3544000007,0.007345706686880721
JP3933800009,0.02252986715431253
AU000000DOW2,0.005661269570166085
JP3414750004,0.007688594109615173
DE0005158703,0.010129374768324003
US92936U1097,0.012860442072727307
DE0007664039,0.09659246675872296
JP3442850008,0.006122877605249082
US2971781057,0.042473389386815975
GB00B1CRLC47,0.005137041271331215
US1152361010,0.018334363133371518
JP3046470005,0.0011719238690302155
US1344291091,0.014284682378564341
KYG960071028,0.010326067449725534
IE00BQPVQZ61,0.04433509894621792
SGXE21576413,0.008707335956675314
JP3670800006,0.016828664297313445
AU000000RHC8,0.012669454411898083
FR0000125486,0.11802389692164905
GB00BVFNZH21,0.008441241281600178
DE0006602006,0.012872817379723438
JP3711200000,0.004418668056281881
US00724F1012,0.46047536111028686
DE000A0Z2ZZ5,0.0067407960598332714
IT0003796171,0.004929766228369835
US78467J1007,0.029998836896779693
SG1U68934629,0.016960546728456212
IM00B5VQMV65,0.03394400922631183
US3156161024,0.020689915039175076
AU000000LLC3,0.01261366674211415
JP3926400007,0.0033196386650283655
GB0009895292,0.2693969244545351
JP3118000003,0.006719971708784434
DE0005190003,0.07826867730805254
US91347P1057,0.014782925521531194
JP3743000006,0.008464394602959807
DE000SYM9999,0.040396960736173965
JP3626800001,0.015275836560570459
US9314271084,0.08546915070162929
US8936411003,0.06347179816355744
US57667L1070,0.07709875016582915
JP3228600007,0.015941157196797732
JP3198900007,0.07649316291226134
US0304201033,0.056706592344440906
NZFAPE0001S2,0.0347878209838762
DE0005200000,0.027491113126376365
LU1598757687,0.00901667279659426
FI0009000202,0.019139368403324506
US1729081059,0.06470137906717782
GB00BMTV7393,0.0048098736818015745
US83304A1060,0.12746065776303644
DK0060634707,0.010568033052609269
CH0044328745,0.11660094750217385
US1729674242,0.2772840339043365
US89400J1079,0.04203131414516837
US5018892084,0.03548294601844856
JP3183200009,0.022398265253481594
JP3100800006,0.004602219617441456
SG1M77906915,0.013550278398598346
JP3877600001,0.029340149091236587
US03662Q1058,0.05674221818060775
BMG5800U1071,0.0022443946232352614
GB0002405495,0.011686549035076654
JP3868400007,0.010573566800229812
US2788651006,0.16973119892415814
JP3965400009,0.006547303090222841
JP3820000002,0.011765345810480346
GB0009633180,0.012110177619228122
JP3814800003,0.025738947970882095
JP3899600005,0.04212356287166365
CH0002497458,0.035844513186703994
US2091151041,0.05121235959372017
SE0012455673,0.024666508442395974
JP3485800001,0.004288386602265585
SE0000112385,0.004788909468218576
JP3102000001,0.008040352191590858
AU000000TWE9,0.012005891414144775
KYG6382M1096,0.003753993007861392
SE0000115446,0.07838565535176004
US6098391054,0.01855899336133556
SG1J26887955,0.011512048449858096
SE0000695876,0.020215341015543144
US03073E1055,0.04882591658270325
US62944T1051,0.04506110541010921
US05722G1004,0.040821571377812636
JP3771800004,0.015678137085786734
JP3732200005,0.002250571976412109
US2774321002,0.01533297616787702
GB00BD3VFW73,0.009589450809191028
US83088M1027,0.04486034884239272
LU0088087324,0.0059176064480496796
FI0009007884,0.0227017454010185
US31428X1063,0.05881636970080364
JP3551500006,0.06793497008466688
JP3545240008,0.005114428623578473
US8085131055,0.21611045116156152
AU000000BOQ8,0.008615435067870077
GB00BYT1DJ19,0.016257818886564104
DE0007236101,0.2470426989947282
HK0656038673,0.0060889528944843
JP3538800008,0.016174875521227542
LU2237380790,0.010008885823130278
JP3405400007,0.0069707039716291235
JP3279400000,0.005800861615517398
US12572Q1058,0.1301665252757369
JP3205800000,0.024254697989691758
US3021301094,0.03899491219614223
US70614W1009,0.06186053477431025
DE000KBX1006,0.0158172821080968
CH0013841017,0.012387446964202839
NO0003054108,0.016071233914480756
SE0007100599,0.04544216925954842
JP3539220008,0.00890897706762157
JP3982400008,0.0032083169738169695
US49271V1008,0.0609699977163847
JP3402600005,0.024305202586967754
US9633201069,0.012978088367441562
AU000000BPT9,0.002013723337919423
US22822V1017,0.19214584446806146
JP3926800008,0.0040737092747688405
AU000000BLD2,0.006535125458750713
CH0102484968,0.025662671428838185
US6795801009,0.03459584242997287
DE0005810055,0.05755929882115007
US3119001044,0.07976590870284699
US4385161066,0.27141795590469076
US5486611073,0.17391020330519327
US8740541094,0.04634342113909207
GB0031638363,0.023640682713235456
CH0012138530,0.044174845409380416
GB00BZ4BQC70,0.023819258817479223
IE00B1RR8406,0.007914843537838912
AU000000ALU8,0.004635904109905233
NL0010773842,0.03829501268033891
JP3112000009,0.0032591778790952977
JP3301100008,0.012401845579321984
JP3386450005,0.027968486536388042
GB0003308607,0.010517624961647138
JP3240400006,0.023790266841132352
JP3167000003,0.0025822340005123286
GB00B19NLV48,0.07376702496180776
FR0012757854,0.006421169794901561
US5705351048,0.024570006735158186
GB0009465807,0.011123661557933115
CH0126881561,0.06533855771880719
GB0033195214,0.021909725045599914
US5184391044,0.17445243508220273
JP3573000001,0.01785766626003865
GB00BYQ0JC66,0.0068382924823114965
JP3940000007,0.015448538412146764
JP3188200004,0.01277117327957029
JP3955000009,0.009726362581754853
HK0000069689,0.2989319484237491
JP3780100008,0.004822763025056656
IL0011301780,0.0322651513274412
AU000000DMP0,0.012480958295380703
DE0007164600,0.2732937425788608
SE0012673267,0.049614672465593056
DE000A0LD2U1,0.00879508336252645
US5253271028,0.027222651440603925
CH0210483332,0.12833900517742355
FR0011981968,0.04742646532298251
US5949181045,3.6483199728399494
JP3902000003,0.005005225368054813
GB0009223206,0.0395250147583387
US4601461035,0.03901494179202409
US3703341046,0.07626513842290353
JP3298400007,0.008009041811407457
JP3351100007,0.03901689109630566
SG1Q52922370,0.0012510681846028026
DK0060534915,0.2655556051572192
GB0008782301,0.02168246360536957
ES0173516115,0.025046922494052708
US9297401088,0.028079200390735727
DK0060477503,0.0045301713914208605
KYG7800X1079,0.023178030814611658
JP3902400005,0.06434113299598304
DK0060495240,0.009970483799569541
NL0010801007,0.021985281751798216
US12541W2098,0.028317204823626378
TH0902010014,0.004469679049918235
US8447411088,0.020332877773049016
AU000000NCM7,0.02604464018787648
JP3663900003,0.006195026245104921
DE0008402215,0.02761576843176388
CA05534B7604,0.08208344828450542
AU000000SKI7,0.001063883340307764
US0326541051,0.09563973528516002
ES0171996087,0.009210150593514321
SE0007100581,0.05475083815815871
JP3494600004,0.007762832570138701
ES0178430E18,0.04551263651960717
US60855R1005,0.03747523445715802
AU000000WPL2,0.016261119572659178
US91879Q1094,0.028509487537606692
IT0005366767,0.017018511757965853
SE0011166610,0.0789485545766129
AU000000APX3,0.002384164645607821
US7427181091,0.3067471930149169
FI0009005987,0.03572012411179273
US35137L1052,0.021682786465429243
FR0000121725,0.005070484773086493
US88160R1014,1.104184164993051
IT0003506190,0.01842190436872543
HK0010000088,0.0012780619119292312
GB00B18V8630,0.008807926678377811
JP3799000009,0.007810296593762802
AU000000AGL7,0.004369568787894491
US1011371077,0.13894402320934798
FR0000071946,0.006542136242166087
NO0010081235,0.01124556055412031
JP3885780001,0.04915670022123624
JP3359600008,0.005085722212237201
FI0009013403,0.06310253978186085
GB00B0744B38,0.022117723183920853
US8807701029,0.03724170906542216
US88579Y1010,0.12003960006332992
GB00BD6K4575,0.08645258510897819
SG1L01001701,0.08839465616506138
GB00BKDTK925,0.007639830108134599
HK0000608585,0.010788966498172901
JP3931600005,0.01697140713802494
AU000000ALQ6,0.006392377241830569
GB0006043169,0.009262754986017743
US29414B1044,0.04346007695801344
IT0005218380,0.00870744178331509
JP3263000006,0.004237902307215656
IT0003132476,0.037434781153198156
JP3720800006,0.01188520031784661
US6821891057,0.005457749301386549
FR0000120271,0.2504978950760421
US9621661043,0.021025522126221313
AU000000RWC7,0.005366849738055079
AU000000GMG2,0.054797421568090164
US8725901040,0.13095380134961998
JP3371200001,0.10729251013547139
BE0003470755,0.006895687382515772
AU000000CSL8,0.12189889317918134
US0382221051,0.22220480318572805
JP3653000004,0.0032884427449251493
CA29250N1050,0.13684195631672835
CA6837151068,0.023960520550161124
KYG0535Q1331,0.005716609560599487
US1258961002,0.030047107633725187
US5719032022,0.055144891469450154
PLPZU0000011,0.001422358448290777
JP3496400007,0.07543079121110476
JP3108600002,0.003743439233519946
US03768E1055,0.02323464012513675
US14040H1059,0.1470459599799604
HK0012000102,0.013667460797092752
HK0823032773,0.02025942998862476
DE000A0TGJ55,0.003551350898124594
US9026531049,0.01453784498293408
CH0012221716,0.10804059677272893
HK0101000591,0.010386300549490295
GB0001826634,0.010240607878371638
ES0140609019,0.03206888572581908
US5007541064,0.06711397279220772
DE0006969603,0.021692986656687896
US4165151048,0.053054282503916216
KYG2177B1014,0.043266906982233844
GB00B132NW22,0.004839416261462912
JE00B783TY65,0.08532156563572099
US22160K1051,0.3539485052082102
